{
  "0": "Object",
  "1": "GameObject",
  "2": "Component",
  "3": "LevelGameManager",
  "4": "Transform",
  "5": "TimeManager",
  "6": "GlobalGameManager",
  "8": "Behaviour",
  "9": "GameManager",
  "11": "AudioManager",
  "13": "InputManager",
  "18": "EditorExtension",
  "19": "Physics2DSettings",
  "20": "Camera",
  "21": "Material",
  "23": "MeshRenderer",
  "25": "Renderer",
  "27": "Texture",
  "28": "Texture2D",
  "29": "OcclusionCullingSettings",
  "30": "GraphicsSettings",
  "33": "MeshFilter",
  "41": "OcclusionPortal",
  "43": "Mesh",
  "45": "Skybox",
  "47": "QualitySettings",
  "48": "Shader",
  "49": "TextAsset",
  "50": "Rigidbody2D",
  "53": "Collider2D",
  "54": "Rigidbody",
  "55": "PhysicsManager",
  "56": "Collider",
  "57": "Joint",
  "58": "CircleCollider2D",
  "59": "HingeJoint",
  "60": "PolygonCollider2D",
  "61": "BoxCollider2D",
  "62": "PhysicsMaterial2D",
  "64": "MeshCollider",
  "65": "BoxCollider",
  "66": "CompositeCollider2D",
  "68": "EdgeCollider2D",
  "70": "CapsuleCollider2D",
  "72": "ComputeShader",
  "74": "AnimationClip",
  "75": "ConstantForce",
  "78": "TagManager",
  "81": "AudioListener",
  "82": "AudioSource",
  "83": "AudioClip",
  "84": "RenderTexture",
  "86": "CustomRenderTexture",
  "89": "Cubemap",
  "90": "Avatar",
  "91": "AnimatorController",
  "93": "RuntimeAnimatorController",
  "94": "ShaderNameRegistry",
  "95": "Animator",
  "96": "TrailRenderer",
  "98": "DelayedCallManager",
  "102": "TextMesh",
  "104": "RenderSettings",
  "108": "Light",
  "111": "Animation",
  "114": "MonoBehaviour",
  "115": "MonoScript",
  "117": "Texture3D",
  "119": "Projector",
  "120": "LineRenderer",
  "121": "Flare",
  "122": "Halo",
  "123": "LensFlare",
  "124": "FlareLayer",
  "126": "NavMeshProjectSettings",
  "128": "Font",
  "129": "PlayerSettings",
  "130": "NamedObject",
  "134": "PhysicMaterial",
  "135": "SphereCollider",
  "136": "CapsuleCollider",
  "137": "SkinnedMeshRenderer",
  "138": "FixedJoint",
  "141": "BuildSettings",
  "142": "AssetBundle",
  "143": "CharacterController",
  "144": "CharacterJoint",
  "145": "SpringJoint",
  "146": "WheelCollider",
  "147": "ResourceManager",
  "150": "PreloadData",
  "152": "MovieTexture",
  "153": "ConfigurableJoint",
  "154": "TerrainCollider",
  "156": "TerrainData",
  "157": "LightmapSettings",
  "158": "WebCamTexture",
  "164": "AudioReverbFilter",
  "165": "AudioHighPassFilter",
  "166": "AudioChorusFilter",
  "167": "AudioReverbZone",
  "168": "AudioEchoFilter",
  "169": "AudioLowPassFilter",
  "170": "AudioDistortionFilter",
  "171": "SparseTexture",
  "180": "AudioBehaviour",
  "181": "AudioFilter",
  "182": "WindZone",
  "183": "Cloth",
  "184": "SubstanceArchive",
  "185": "ProceduralMaterial",
  "186": "ProceduralTexture",
  "187": "Texture2DArray",
  "188": "CubemapArray",
  "191": "OffMeshLink",
  "192": "OcclusionArea",
  "193": "Tree",
  "195": "NavMeshAgent",
  "196": "NavMeshSettings",
  "198": "ParticleSystem",
  "199": "ParticleSystemRenderer",
  "200": "ShaderVariantCollection",
  "205": "LODGroup",
  "207": "Motion",
  "208": "NavMeshObstacle",
  "210": "SortingGroup",
  "212": "SpriteRenderer",
  "213": "Sprite",
  "215": "ReflectionProbe",
  "218": "Terrain",
  "220": "LightProbeGroup",
  "221": "AnimatorOverrideController",
  "222": "CanvasRenderer",
  "223": "Canvas",
  "224": "RectTransform",
  "225": "CanvasGroup",
  "226": "BillboardAsset",
  "227": "BillboardRenderer",
  "228": "SpeedTreeWindAsset",
  "229": "AnchoredJoint2D",
  "230": "Joint2D",
  "231": "SpringJoint2D",
  "232": "DistanceJoint2D",
  "233": "HingeJoint2D",
  "234": "SliderJoint2D",
  "235": "WheelJoint2D",
  "236": "ClusterInputManager",
  "237": "BaseVideoTexture",
  "238": "NavMeshData",
  "240": "AudioMixer",
  "246": "PhysicsUpdateBehaviour2D",
  "247": "ConstantForce2D",
  "248": "Effector2D",
  "249": "AreaEffector2D",
  "250": "PointEffector2D",
  "251": "PlatformEffector2D",
  "252": "SurfaceEffector2D",
  "253": "BuoyancyEffector2D",
  "254": "RelativeJoint2D",
  "255": "FixedJoint2D",
  "256": "FrictionJoint2D",
  "257": "TargetJoint2D",
  "258": "LightProbes",
  "259": "LightProbeProxyVolume",
  "271": "SampleClip",
  "272": "AudioMixerSnapshot",
  "273": "AudioMixerGroup",
  "290": "AssetBundleManifest",
  "300": "RuntimeInitializeOnLoadManager",
  "310": "UnityConnectSettings",
  "319": "AvatarMask",
  "320": "PlayableDirector",
  "328": "VideoPlayer",
  "329": "VideoClip",
  "330": "ParticleSystemForceField",
  "331": "SpriteMask",
  "363": "OcclusionCullingData",
  "100000": "int",
  "100001": "bool",
  "100002": "float",
  "100003": "MonoObject",
  "100004": "Collision",
  "100005": "Vector3f",
  "100006": "RootMotionData",
  "100007": "Collision2D",
  "100008": "AudioMixerLiveUpdateFloat",
  "100009": "AudioMixerLiveUpdateBool",
  "100010": "Polygon2D",
  "100011": "void",
  "19719996": "TilemapCollider2D",
  "73398921": "VFXRenderer",
  "156049354": "Grid",
  "171741748": "ArticulationBody",
  "285090594": "IConstraint",
  "483693784": "TilemapRenderer",
  "687078895": "SpriteAtlas",
  "825902497": "RayTracingShader",
  "850595691": "LightingSettings",
  "893571522": "CustomCollider2D",
  "895512359": "AimConstraint",
  "937362698": "VFXManager",
  "1183024399": "LookAtConstraint",
  "1403656975": "StreamingManager",
  "1480428607": "LowerResBlitTexture",
  "1542919678": "StreamingController",
  "1742807556": "GridLayout",
  "1773428102": "ParentConstraint",
  "1818360608": "PositionConstraint",
  "1818360609": "RotationConstraint",
  "1818360610": "ScaleConstraint",
  "1839735485": "Tilemap",
  "1953259897": "TerrainLayer",
  "1971053207": "SpriteShapeRenderer",
  "2058629509": "VisualEffectAsset",
  "2059678085": "VisualEffectObject",
  "2083052967": "VisualEffect",
  "2083778819": "LocalizationAsset"
}
